Id,Email,Name,DOB,Country
ae8da2bf-69f6-5f40-a5e6-2f1fedb5cea6,ri@guete.co,Ricardo Wise,13/1/1973,AE
8e6fbab1-0244-5fc0-9619-8c1006e22afc,taefa@pob.sg,Eunice Hill,20/5/1972,AQ
9f38c275-2fa3-550b-b661-c7997de1b796,dun@ilokut.mu,Craig Rose,21/6/1988,CN
46c54bd7-fe10-5b7a-8796-f57f099a4376,si@him.ge,Lottie Sparks,22/12/1976,BO
46c54bd7-fe10-5b7a-8796-f57f099a4376,si@him.ge,Lottie Sparks,22/12/1976,BO
fbc279e0-d944-533f-8470-2f7d58b46151,bujse@azgupdac.lv,Owen Norris,27/5/1980,CM
021e183f-bb6e-5459-9980-3f68e8a56d79,sulamfi@tu.vg,Gordon Vega,25/9/1982,MH
021e183f-bb6e-5459-9980-3f68e8a56d70,sulamfi@tu.vg,Gordon Vega,25/9/1982,MH
021e183f-bb6e-5459-9980-3f68e8as6f72,sulamfi@tu.vg,Hanna Vega,25/9/1982,MH
021e183f-bb6e-5459-9980-3f68ekf56d79,sulamfi@tu.vg,Han Vega,25/9/1982,MH
021e183f-bb6e-5459-9980-3f68edol56d72,sulamfi@tu.vg,Hannah hana,25/9/1982,MH
021e183f-bb6e-5459-9980-3f68esk56d70,sulamfi@tu.vg,Hane Vega,25/9/1982,MH
46c54bd7-fe10-5b7a-8796-f57f019a4376,si@him.ge,Lottie Hane,22/12/1976,BO